<?xml version="1.0" encoding="utf-8" standalone="no"?>
<question>
<title>下列词语中没有错别字的一组是（  ）</title>
<A>流言蜚语    迷天大罪    仰天而吁   名副其实</A>
<B>消声匿迹    强词夺理    秘而不宣   励精图治</B>
<C>矫揉造作    声名狼籍    略见一斑   各行其是</C>
<D>至高无尚    尾大不悼    卑躬屈膝   明火执杖</D>
<answer>C</answer>
<analyze>C. A  弥    B嘘    销     D  上       掉     仗</analyze>
</question>
