<?xml version="1.0" encoding="utf-8" standalone="no"?>
<question>
<title>下边句子中加点的熟语，能够替换为括号中成语的一项是（    ）</title>
<A>教育局的人是不来薄弱的农村学校的，雪中送炭也就成了奢望。他们就是那样高高在上，让人有可望而不可即的感觉。（望尘莫及）</A>
<B>体育竞赛，长江后浪推前浪是自然规律，老将们英雄迟暮本在意料中，但如此多的老将卷土重来却值得深思。（青出于蓝）</B>
<C>任何伟大事业的实现都要经过一个长期的艰难的复杂的过程，企图毕其功于一役，那不是不切实际的幻想。（一锤定音）</C>
<D>您看，还给我的文章加批呢！强不知以为知，见骆驼就说马肿背，我真不懂得他们为什么要说这些昏话！（牵强附会）</D>
<answer>B</answer>
<analyze>B.“青出于蓝”则多用于师生之间，但也比喻后人超过前人，与“长江后浪推前浪”相同。A中“可望而不可即”形容与目标相距太大，难以实现，而“望尘莫及”比喻远远比不上，一为“做不到”，一为“赶不上”，意思差别大；C项中“毕其功于一役”指幻想一举解决所有问题，而“一锤定音”则比喻凭一句话把事情最后敲定。D项中“强不知以为知”意为不懂装懂，而“牵强附会”形容生拉硬扯，强作解释。</analyze>
</question>
