<?xml version="1.0" encoding="utf-8" standalone="no"?>
<question>
<title>下列各项中加点的词语使用不恰当的一项是</title>
<A>从90年代初开始，台湾当局在对外关系方面，不遗余力地进行以“两个中国”为目的的“拓展国际生存空间”的活动。</A>
<B>新的注资方案虽未对外公布，但扉页上新添的“理事会成员单位”却露出了“蛛丝马迹”，北大方正.平安保险.优博展览集团及易好佳商业连锁有限公司榜上有名。</B>
<C>人体炸弹或许威力不大，但以牺牲肉体为代价的做法却极其残忍，就恐怖手段而言，恐怕无出其右了。</C>
<D>社会在发展，人们的观念也在不断地变化，此一时，彼一时嘛。</D>
<answer>C</answer>
<analyze>C. 褒词贬用，“无出其右”表示没有能力超过的，多指好的方面</analyze>
</question>
