<?xml version="1.0" encoding="utf-8" standalone="no"?>
<question>
<title>下列括号里的成语与画线处的熟语不能替换的一项是</title>
<A>学外语要细水长流，如果像这样三天打鱼，两天晒网，那肯定是学不好的。（一曝十寒）</A>
<B>我不喜欢这样做，也做不好，你凭什么牛不喝水强按头？（强人所难）</B>
<C>俗话说，一个巴掌拍不响，巴以问题闹成这样，主要的责任方是以色列，但巴勒斯坦就没有责任了吗？（孤掌难鸣）</C>
<D>台独分裂势力不顾全中国人民和国际社会的强烈反对，在台湾搞所谓的“公投”，其结果只能是搬起石头砸自己的脚。（自取其咎）</D>
<answer>C</answer>
<analyze>C. “一个巴掌拍不响”是说事情单方面是闹不起来的，而“孤掌难鸣”是比喻一个人力量单薄，办事困难。</analyze>
</question>
