<?xml version="1.0" encoding="utf-8" standalone="no"?>
<question>
<title>下列各句中加横线成语的使用，恰当的一句是(    )</title>
<A>拂晓时分，从三号桥上走过的八路军部队，多如过江之鲫。</A>
<B>朱自清饿死不吃美国救济粮；陈公博卖国求荣，屈身侍敌，他们的人格判若鸿沟，何能相提并论!</B>
<C>朱光潜先生幼年时常于嬉戏的间隙蹲在教室窗下听父亲讲学，父亲无意间发现，便让他登堂入室，成为了最年幼的学生。</C>
<D>张生听说老夫人正在拷问红娘，担心东窗事发，于是悄悄跑了出去。</D>
<answer>B</answer>
<analyze>B. A项“过江之鲫”形容多而混乱，含贬义；B项“判若鸿沟”形容界限很清楚，区别很明显；C项“登堂入室”喻学识由浅入深，达到很高的造诣；D项“东窗事发”指密谋失败，含贬义</analyze>
</question>
