<?xml version="1.0" encoding="utf-8" standalone="no"?>
<question>
<title>下列各句中没有语病的一句是（  ）</title>
<A>为了推动读好书，《中国青年报》文化生活部.北京大学出版社联合举办《中华千字歌》征文活动。</A>
<B>这两个业余文艺演出队利用农闲时间在全乡范围内互相巡回演出，受到了当地群众的好评。</B>
<C>共和党不会因在克林顿弹劾案上的失利而罢休，而将会调整战略，继续与民主党较量。</C>
<D>体育专业的师生积极锻炼，努力培养一批高材生，在完成体育比赛任务的前提下，积极向高校输送合格新生。</D>
<answer>C</answer>
<analyze>C. A“推动”的宾语残缺；B“互相”多余；D主语“师生”与谓语“培养”“输送”搭配不当</analyze>
</question>
