<?xml version="1.0" encoding="utf-8" standalone="no"?>
<question>
<title>下列各句中没有语病的一句是（    ）</title>
<A>1982年9月22日，邓小平与前英国首相撒切尔夫人在人民大会堂福建厅就香港问题开始了首次会谈。</A>
<B>宋庆龄同志为了祖国的统一.民族的兴亡和人民利益奋斗一生，尤其是为培养祖国的下一代，为社会主义造就人才，做出了很大贡献。</B>
<C>美国总统克林顿3月8日向国会提交了给予中国永久性正常贸易关系的议案，白宫希望能于6月在国会获得通过。</C>
<D>因策划实施美国驻东非大使馆而被通缉的阿布纳斯近日在苏丹首都喀士穆落网，现被关押在当地监狱里。</D>
<answer>C</answer>
<analyze>C. A“前英国首相”改为“英国前首相”；B“民族兴亡”改为“民族的振兴”；D在“大使馆”后加“爆炸案”。</analyze>
</question>
