<?xml version="1.0" encoding="utf-8" standalone="no"?>
<question>
<title>下列各句中，没有语病的一句是</title>
<A>冲突双方在联合国特使的调解下，经过三天艰苦的谈判，紧张的局势终于得到了缓和。</A>
<B>前不久，在美国召开的有27个国家数百位科学家参加的第三届国际固氮学术会议上，这两个模型受到了高度重视，给予很高的评价。</B>
<C>不管怎样说，惟我独尊和妄自菲薄都是要不得的，狂妄和自卑貌似两极对立，深层心理却颇为一致。</C>
<D>近日国际黄金价格再次出现波动，截至上周末，国际黄金市场的价格上涨最高点已达290美元以上。</D>
<answer>C</answer>
<analyze>C.  A前后主语不一致   B“给予很高的评价”的主语不是“这两个模型”，可将“给予”改成“得到了”。  D最高点应有上限，“290美元以上”没有上限，可将相关内容修改为“国际黄金市场的价格上涨最高点已突破290美元”。</analyze>
</question>
