<?xml version="1.0" encoding="utf-8" standalone="no"?>
<question>
<title>下列各句没有语病的一句是（    ）</title>
<A>人们都说航天员心理素质好，那么，他们良好的心理素质是如何练就出来的呢？</A>
<B>没有农民的健康，就没有农村的小康；如果不能有效解决农民治病难的问题，势必增加农民致富奔小康的困难。</B>
<C>网络的出现和日益普及，丰富并拓展了人们阅读的空间，使传统阅读活动受到了严峻.猛烈的冲击与挑战。</C>
<D>俗话说：“台上一分钟，台下十年功。”《千手观音》在“春晚”闪亮的登场，是要经过很多人.很长时间.很大努力以后，才能与全国观众见面的。</D>
<answer>B</answer>
<analyze>B. A项语意重复，“出来”多余；C项语序不当，“丰富并拓展”.“冲击与挑战”均应对调位置；D项结构杂糅而且成分残缺 “经过很多人.很长时间.很大努力以后”处 。</analyze>
</question>
