<?xml version="1.0" encoding="utf-8" standalone="no"?>
<question>
<title>下列各句中，没有语病的一句是(    )</title>
<A>人们已经注意到：科学越进步，理论越艰深，学科也就越高度地分化，人们的专业知识面也就越狭窄。</A>
<B>他抓住机遇，摆脱了长期以来囊中羞涩的贫困状况，成了食有鱼，行有车，银行里还有不大不小一笔存款的小康人家。</B>
<C>革命先驱高君宇的故居——峰岭底村，就坐落在这条河的旁边。</C>
<D>现在有许多的“论资排辈”应运而生，现特地聚焦曝光，以引起更多公众的注意。</D>
<answer>A</answer>
<analyze>A. B项主语与宾语搭配不当；C项“故居”是房子，不是村庄；D项“公众”已经指大多数的人了，不宜再用“更多”修饰</analyze>
</question>
