<?xml version="1.0" encoding="utf-8" standalone="no"?>
<question>
<title>下列各句中没有语病的一句是</title>
<A>近些年来，国内一些企业家不仅开始投资民办教育，以此作为创业新起点，而且国外教育机构也纷纷抢滩我国教育市场。</A>
<B>美国驻日大使贝克在东京举行的国内外形势调查会全国例行恳谈会上向朝鲜发出了警告，表明了不惜采取武力解决问题的姿态。</B>
<C>日前召开的全市律师大会传出消息：相关部门将采取一系列措施，要提升律师行业的整体实力和形象，进一步加强律师队伍的建设。</C>
<D>不少有识之士认为，安全.侵权.诚信以及防止文化不受污染等问题，目前已经成为制约互联网行业进一步发展的最大瓶颈</D>
<answer>B</answer>
<analyze>B. A“不仅”应移到“国内一些企业家”之前；C“提升……实力”搭配不当；D“防止文化不受污染”中的“不”多余，造成意思相反</analyze>
</question>
