<?xml version="1.0" encoding="utf-8" standalone="no"?>
<question>
<title>依次填入下列各句横线处的词语，最恰当的一组是（  ）（1）目前社会上的浮躁风气和商业上的投机心理       着学术界，一些学者忘记了学术目的，或急功近利，粗制滥造，或取媚世俗，热衷炒作。（2）学术上的问题应当由学者们自由地讨论解决，领导不要。（3）去年江水泛滥的严重教训，工程局组织力量加固了堤岸，采取了一系列防洪措施。</title>
<A>侵袭    干预     由于</A>
<B>侵蚀     干预    鉴于</B>
<C>侵袭    干涉     鉴于</C>
<D>侵蚀     干涉    由于</D>
<answer>B</answer>
<analyze>B. “侵袭”意思为“侵入并袭击”。 “侵蚀”意思为“逐渐侵害使变坏”。 “干涉”意思为“强行干预，不该管而硬管，迫使对方服从”。“干预”意思为“过问别人的事”。“鉴于”和“由于”从表原因的角度看，用法基本相同，但“鉴于”有表示以某种情况为前提加以考虑的用法。“由于”无此用法。</analyze>
</question>
