<?xml version="1.0" encoding="utf-8" standalone="no"?>
<question>
<title>下列各句中，标点符号使用正确的一句是</title>
<A>他利用这个机会，参观访问了伦敦.华盛顿.东京……等一些大学.科研机构和工厂，并同科技界的同行就这个难题进行了深入讨论。</A>
<B>“先生。‘怪哉’这虫是怎么回事?……”我上了生书，将要退下的时候，赶忙问。</B>
<C>“不许这么没礼貌!”爸爸打断我的话，严厉地说：“他是你的长辈，即使有不对的地方，也轮不到你这样盛气凌人的指责。”</C>
<D>要在城西建立交桥的消息传出后，许多人都非常关心这座立交桥怎么建?那里的近千株树木将怎么办?</D>
<answer>B</answer>
<analyze>B.A“省略号”和  “等”使用重复，应删去其中一个。C“说”后面的冒号应该换成逗号。D虽有疑问词“怎么”，但整个句子表达的是陈述语气，因此，两处问号应分别为逗号和句号。</analyze>
</question>
