<?xml version="1.0" encoding="utf-8" standalone="no"?>
<question>
<title>依次填人下面横线处的词语，最恰当的一组是前段时间，“大学生何处接吻?”这个伪命题竟然被许多媒体炒得沸沸扬扬。其实，了解高校生活的人都知道，现在的大学生对社会的____很多，许多事情，不少大学生总倾向于把责任归咎于整个社会，似乎社会对他亏欠太多，而他自己却对社会没有任何责任.义务。仔细______不难发现，“校园何处接吻”这一问题        相当矫情，它从一个侧面______出当今大学生对社会索取欲高而奉献和责任意识少的心态依然严重。</title>
<A>抱怨  体会    其实    反射</A>
<B>报怨    体会    实在    折射</B>
<C>报怨  体味    实在    反射</C>
<D>抱怨    体味    其实    折射</D>
<answer>D</answer>
<analyze>D. “抱怨”是指心中不满，数说别人不对，埋怨的意思，侧重于口头说的方面；“报怨”是指对所怨恨的人做出的反应，如以德报怨，侧重于行动。</analyze>
</question>
