<?xml version="1.0" encoding="utf-8" standalone="no"?>
<question>
<title>依次填入下列各句横线年的词语，最恰当的一项是（   ）①上级既然下达了这项任务，虽然时间紧，我们也只能       为之。②加拿大政府最近发起一项新的运动，       家庭关掉电视，提醒人们不要迷失在小屏幕前，应该多到户外运动。③我们不能冲破各种精神束缚，改变思想僵化的状态，      因循守旧，畏首畏尾，那么就不可能改变落后面貌，更谈不上加快现代化建设的步伐。</title>
<A>勉力     敦促        如果        而是</A>
<B>勉力     督促        如果        而是</B>
<C>勉励     敦促        因为        所以</C>
<D>勉励     督促        因为        所以</D>
<answer>A</answer>
<analyze>A. 勉力；努力，尽力。勉励：鼓励，劝人努力。敦促：诚恳地催促。督促：监督催促。</analyze>
</question>
