<?xml version="1.0" encoding="utf-8" standalone="no"?>
<question>
<title>依次填入下列各句横线处的词语，最恰当的一组是①目前的文学创作不可谓不繁荣，但厚重的.         时代精神的作品还偏少，描写普通大众百姓的作品太少。②正是由于水资源的        ，人类才开始考虑如何来使相对          的水资源，最大限度地满足人们的各种需要。③文化传统观念         可以影响和制约人们的行动，就必然会在人们的经济活动中发生作用，          直接或间接地影响区域经济发展。</title>
<A>引领    短缺／稀缺    既然／因而</A>
<B>引导    稀缺／短缺    如果／因而</B>
<C>引领    稀缺／短缺    既然／从而</C>
<D>引导    短缺／稀缺    如果／从而</D>
<answer>C</answer>
<analyze>C. “引领”，引导带领，多用于陈述抽象的事物。“引导”，带领，带着人向具体目标行动。①句陈述的是“时代精神”，应用“引领”。“短缺”， 物质 缺乏不足。“稀缺”，很少有且又缺乏.不足。②句中对“水资源”而言当用“稀缺”表明它的现有状况。对于“满足……各种需要”，只有用“短缺”才能与“相对”“最大限度地”照应。③句用“既然”才能与下文中的“就”构成上下句的推论因果的关系，用“从而”才能表现出上下句间顺承的关系。</analyze>
</question>
