<?xml version="1.0" encoding="utf-8" standalone="no"?>
<question>
<title>依次填入下列句子中横线处的词语，最恰当的一组是（    ）①今天是交警潘福生的休息日，他答应带女儿到公园玩一玩，可骤发的一起交通事故使得他又一次对妻子和女儿了。②《归园田居》中的“狗吠深巷中，鸡鸣桑树颠”两句，是从《汉乐府•相和曲•鸡鸣》一诗的，原句是“鸡鸣高树颠，狗吠深宫中”。③乌篷船里的那些土财主的家眷在，然而他们也不在乎看戏，多半是专到戏台下来吃糕饼水果和瓜子的。</title>
<A>失言    袭用    虽然</A>
<B>食言    袭用    固然</B>
<C>失言    习用    虽然</C>
<D>食言    习用    固然</D>
<answer>B</answer>
<analyze>B.食言：喻说话不算数；失言：指无意中说出不该说的话。袭用：指沿袭采用旧有事物；习用：指经常使用，惯用。固然：先肯定承认某种情况，再与转折连词呼应；虽然：对出现的情况作让步，再与转折连词呼应。</analyze>
</question>
