<?xml version="1.0" encoding="utf-8" standalone="no"?>
<question>
<title>下列各句中加点成语的使用，恰当的一句是（  ）</title>
<A>在“祝中韩友谊源远流长”的美好祝愿中，盐城师范学院韩歌会降下了帏幕。</A>
<B>有些中学生的作文喜欢穿鞋戴帽，给人的感觉是无病呻吟，面目可憎。</B>
<C>经过西方现代.后现代美学思潮熏陶的新生代作家，文学观念已和他们的前辈南辕北辙。</C>
<D>西部地区虽说目前各方面的条件要艰苦一些，但那里自然资源丰富，发展前景广阔，像你这样的人才一旦到了那里，定能大有可为。</D>
<answer>B</answer>
<analyze>B. 源远流长：比喻历史悠久。不能用在表示将来时态的句子。南辕北辙：比喻行动和目的相反，不合句意。大有可为：事情很值得做，很有发展前途，不能用来叙述“你”</analyze>
</question>
