<?xml version="1.0" encoding="utf-8" standalone="no"?>
<question>
<title>下列各句中，加点的熟语使用不恰当的一句是</title>
<A>那些所谓大家的文章都尽可能在别的刊物上发表，对于嗷嗷待哺的创造社的几种刊物却一字也不肯飞来。</A>
<B>招弟这女孩子；自从她妈妈作了所长，变得特别爱打扮，愿意有男朋友；可是这都不过是一些哀而不伤的青春游戏罢了。</B>
<C>近期来，有些商家打着“买一赠一”的旗号欺骗消费者，他们或是将手表带拆下，或是将音响与原配话筒分开，这种拉大旗做虎皮的做法，使消费者吃了亏还自以为讨了便宜。</C>
<D>还是那句老话：山不转水转，水不转人转。当年革命的后代陈岗梅也改名“陈映初”，变得更富柔情，更有诗意了。</D>
<answer>C</answer>
<analyze>C.“拉大旗做虎皮”，比喻打着某种旗号以张声势，来吓唬人，蒙骗人。商家此举纯为“欺骗”，不含“吓唬”。</analyze>
</question>
