<?xml version="1.0" encoding="utf-8" standalone="no"?>
<question>
<title>下列成语使用不恰当的一项是（    ）</title>
<A>古往今来，一切有识之士有为之人，都能把握自己，以沉醉于金钱.美女为戒；而只是沉迷于声色犬马的人，没有不玩物丧志的。</A>
<B>教员往往在课堂上讲，不但不能减其所有，反可得到教学相长的益处。</B>
<C>对我们这些平凡的芸芸众生来说，生命的光辉也许并不辉煌，但同样可以闪光。</C>
<D>我国离大海最远的城市——乌鲁木齐，有了来自东海之滨的直达列车。从此，“春风不度玉门关”的诗句成了真正的千古绝唱。</D>
<answer>D</answer>
<analyze>D. 千古绝唱：永不磨灭的优秀诗文。不合语境。</analyze>
</question>
