<?xml version="1.0" encoding="utf-8" standalone="no"?>
<question>
<title>- How was your recent visit to Qingdao?- It was great. We visited some friends，and spent the ___days at the seaside.</title>
<A>few last sunny</A>
<B>last few sunny</B>
<C>last sunny few</C>
<D>few sunny last</D>
<answer>B</answer>
<analyze>B.本题考查多个形容词的排序问题。一般与被修饰形容词关系密切的形容词靠近名词；如果几个形容词的重要性差不多，音节少的形容词在前，音节多的方在后，在不能确定时，可参照：限定词+数量词（序数词在前，基数词在后）+性状形容词+大小、长短、高低等形体+新旧+颜色+国籍+材料+名词，如those + three + beautiful + large + square +old + brown + wood + table。</analyze>
</question>
