<?xml version="1.0" encoding="utf-8" standalone="no"?>
<question>
<title>The weather in China is different from____.</title>
<A>in America</A>
<B>one in America</B>
<C>America</C>
<D>that in America</D>
<answer>D</answer>
<analyze>D. 本题意为"中国的天气比美国热。"比较的是天气而不是国家，C不能选。A没有名词，后句成分不全，排除。B和D中，B中的one常用来代替可数名词，而that可车以代替不可数或抽象名词，所以选D。</analyze>
</question>
