<?xml version="1.0" encoding="utf-8" standalone="no"?>
<question>
<title> - Can I help you?- Well, I’m afraid the box is ____ heavy for you, but thank you all the same.</title>
<A>so</A>
<B>much</B>
<C>very</C>
<D>too</D>
<answer>D</answer>
<analyze>D. 本题考查对基本句型的掌握。从表面上看，4个选项似乎都可以修饰形容词，而且从上下文中也很难找到提示。其实，命题者有意将题中to carry省略。如果能判断出其省略部分，便很容易想到too…for sb. to do 这个句型。</analyze>
</question>
