<?xml version="1.0" encoding="utf-8" standalone="no"?>
<question>
<title> - Excuse me, is this Mr Brown’s office?-I’m sorry, but Mr Brown____ works here. He left about three weeks ago.</title>
<A>not now</A>
<B>no more</B>
<C>not still</C>
<D>no longer</D>
<answer>D</answer>
<analyze>D.通过信息句“He left about three weeks ago.” 可判断出空白处强调的是时间“不再”。 no longer 常在句中强调时间，而no more 常强调数量和次数。</analyze>
</question>
