<?xml version="1.0" encoding="utf-8" standalone="no"?>
<question>
<title> My mind wasn’t on what he was saying so I’m afraid I ________ half of it.</title>
<A>was missing</A>
<B>had missed</B>
<C>will miss</C>
<D>missed</D>
<answer>D</answer>
<analyze>D. 因为was saying表明“他说”发生在过去，“没听到”应该是“他说”的时候没听到，所以miss也是发生在过去，而miss作“未听见、未理解”解时，一般没有进行时，因此，只有D正确。句意是：我的注意力当时并没有集中在他所说的内容上，所以恐怕有一半我都没听到。</analyze>
</question>
