<?xml version="1.0" encoding="utf-8" standalone="no"?>
<question>
<title> She ________ her hairstyle in her hometown before she came to Chongqing for a better job.</title>
<A>would change</A>
<B>has changed</B>
<C>changed</C>
<D>was changing</D>
<answer>C</answer>
<analyze>C. 由came可知，她已来重庆了，而改变发型是在来重庆之前，即过去的过去，按理要用过去完成时，但before已经表明紧接着发生的先后两个动作，所以也可用一般过去时，所以选C。</analyze>
</question>
