<?xml version="1.0" encoding="utf-8" standalone="no"?>
<question>
<title> Turn on the television or open a magazine and you ________ advertisements showing happy families.</title>
<A>will often see</A>
<B>often see</B>
<C>are often seeing</C>
<D>have often seen</D>
<answer>A</answer>
<analyze>A. 这是“祈使句+and +陈述句”句型，祈使句相当于一个条件状语从句，and后的陈述句的谓语用一般将来时，这是一个较为固定的句型。</analyze>
</question>
