<?xml version="1.0" encoding="utf-8" standalone="no"?>
<question>
<title> —You haven’t said a word about my new coat, Brenda. Do you like it?—I’m sorry I ________ anything about it sooner. I certainly think it’s pretty on you.</title>
<A>wasn’t saying</A>
<B>don’t say</B>
<C>won’t say</C>
<D>didn’t say</D>
<answer>D</answer>
<analyze>D.由句中的sooner（意为“早点儿”）可知用一般过去时。句意为“对不起，我没有早点儿说。我确实认为你穿很好看” 。</analyze>
</question>
