<?xml version="1.0" encoding="utf-8" standalone="no"?>
<question>
<title> Why don’t you put the meat in the fridge? It will ________ fresh for several days.</title>
<A>be stayed</A>
<B>stay</B>
<C>be staying</C>
<D>have stayed</D>
<answer>B</answer>
<analyze>B.stay是系动词不能用被动语态，故排除A；系动词一般不用于进行时(feel除外)，故排除C；stay为非延续性动词，不能与表示一段时间的状语连用，故排除D。句意为“你为什么不把肉放在冰箱里呢？那样会保质好几天”。</analyze>
</question>
