<?xml version="1.0" encoding="utf-8" standalone="no"?>
<question>
<title> －Sorry to have interrupted you. Please go on.－Where was I?－You ________ you didn’t like your father’s job.</title>
<A>had said</A>
<B>said</B>
<C>were saying</C>
<D>had been saying</D>
<answer>C</answer>
<analyze>C.用过去进行时态表示过去某一特定时刻正在进行的动作。此处是指“我”的话在被打断前正在谈论的情况。句意为“对不起打断你的话，请继续”。“我说哪儿了？”“你在说你不喜欢你父亲的工作”。</analyze>
</question>
