<?xml version="1.0" encoding="utf-8" standalone="no"?>
<question>
<title> I ________ while reading the English textbook. Luckily, my roommate woke me up in time!</title>
<A>had fallen asleep</A>
<B>have fallen asleep</B>
<C>fell asleep</C>
<D>fall asleep</D>
<answer>C</answer>
<analyze>C.while 从句用过去进行时，主句用过去时，表示在某个动作的持续过程中，发生过某事。句意为“我在读英语课本时睡着了。幸亏我的室友及时叫醒了我”。</analyze>
</question>
