<?xml version="1.0" encoding="utf-8" standalone="no"?>
<question>
<title> A short time before she ________ , the old lady ________ a will, leaving all her money to her brother.</title>
<A>died; has written</A>
<B>has died; wrote</B>
<C>had died; wrote</C>
<D>died; had written</D>
<answer>D</answer>
<analyze>D. “死”与“写(遗书)”都发生在过去，显然“写”应发生在“死”之前，即：过去的过去。因此，die用一般过去时，write用过去完成时。</analyze>
</question>
