<?xml version="1.0" encoding="utf-8" standalone="no"?>
<question>
<title> — Kate doesn’t look very well. What’s wrong with her?— She has a headache because she ________ too long; she ought to stop work.</title>
<A>has been reading</A>
<B>had read</B>
<C>is reading</C>
<D>was reading</D>
<answer>A</answer>
<analyze>A. 根据后文可知，“她现在依然在工作”，表示从过去某一时刻开始，一直延续到现在，并且现在仍然在进行的动作或存在的状态，就用现在完成进行时，即：have been doing</analyze>
</question>
