<?xml version="1.0" encoding="utf-8" standalone="no"?>
<question>
<title> —Mike, do you know who wanted me on the phone?—Sorry. I don’t know. I ________ a bath in the bathroom.</title>
<A>have had</A>
<B>was having</B>
<C>had</C>
<D>am having</D>
<answer>B</answer>
<analyze>B. 从wanted是过去式，可知打电话发生在过去，“我”现在不知道，因为当有人打电话来时，“我”正在冲凉。表示在过去某一时刻正在发生的动作，当然用过去进行时。</analyze>
</question>
