<?xml version="1.0" encoding="utf-8" standalone="no"?>
<question>
<title> —Which flight ________ ? —I want to catch the 13:00.</title>
<A>you are to catch</A>
<B>are you catching</B>
<C>do you catch</C>
<D>have you caught</D>
<answer>B</answer>
<analyze>B. 从语境来看，显然指将来：“你打算坐哪趟班机？”表示最近打算或安排要做的事，可以用进行式或“be to do”来表示，因此，可选出A和B，而答案A的语序不对，所以只有B对(from www.yygrammar.com)。</analyze>
</question>
