<?xml version="1.0" encoding="utf-8" standalone="no"?>
<question>
<title> How can I ever concentrate (集中精力) if you ________ continually ________ me with silly questions?</title>
<A>have…interrupted</A>
<B>had interrupted</B>
<C>are…interrupting</C>
<D>were…interrupting</D>
<answer>C</answer>
<analyze>C. 因为从can和句意可知，是指目前正在发生的事。句意是“如果你 (象现在这样) 不断地用一些无聊问题来妨碍我，我又怎能集中精力呢？”</analyze>
</question>
