<?xml version="1.0" encoding="utf-8" standalone="no"?>
<question>
<title> At the time of the earthquake Jeff was still in his office. He ________ to finish a project before he left for the day.</title>
<A>has tried</A>
<B>had tried</B>
<C>has been trying</C>
<D>had been trying</D>
<answer>D</answer>
<analyze>D. 指从发生地震之前的某一时候开始到发生地震时一直在努力完成一项计划，并且在发生地震时依然在办公室努力完成这一计划，所以要用过去完成进行时。</analyze>
</question>
