<?xml version="1.0" encoding="utf-8" standalone="no"?>
<question>
<title> —Did you find the missing couple in the mountain yesterday?—No, but we ________ to get in touch with them ever since.</title>
<A>have tried</A>
<B>have been trying</B>
<C>had tried</C>
<D>had been trying</D>
<answer>B</answer>
<analyze>B. 因为ever since是“自那以后(直到现在)”之意，常与完成时连用，又根据but 可知，现在也还在设法与他们取得联系，所以用现在完成进行时。</analyze>
</question>
