<?xml version="1.0" encoding="utf-8" standalone="no"?>
<question>
<title> I’m glad to see that you ________ a lot of progress since I ________ you last.</title>
<A>will make; have met</A>
<B>have been making; met</B>
<C>had made; met</C>
<D>have made; meeting</D>
<answer>B</answer>
<analyze>B. 因为是“上次见你”，所以since从句的谓语动词用一般过去时，排除A和D；又表示从上次见你以来一直到现在并且现在依然在不断取得进步，所以用现在完成进行时。</analyze>
</question>
