<?xml version="1.0" encoding="utf-8" standalone="no"?>
<question>
<title> Now that she is out of a job, Lucy ________ going back to school, but she hasn’t decided yet.</title>
<A>had considered</A>
<B>has been considering</B>
<C>considered</C>
<D>is going to consider</D>
<answer>B</answer>
<analyze>B. 根据but she hasn’t decided yet (尚未决定) 可知，从开始失业时起一直在考虑再去上学，现在还在考虑。表示从过去某一时刻开始一直到现在，并且现在依然在发生的动作，用现在完成进行时，现在完成进行时由“have/has been doing”构成，所以选B。</analyze>
</question>
